Account_ID,LoadBalancer_Name,DNS_Name,State,VPC_ID,Availability_Zones,Type,Date_Created
027057327921,"otil-api-alb","internal-otil-api-alb-659020891.ap-southeast-2.elb.amazonaws.com","active","vpc-0309488c35c5a005f","ap-southeast-2b;ap-southeast-2a","application","2023-04-26T09:57:58.210000+00:00"
030332409480,"ILFTLoadBalancer-ITE-NLB","ILFTLoadBalancer-ITE-NLB-201faff6fb70a744.elb.ap-southeast-2.amazonaws.com","active","vpc-06295e1fae73a3b98","ap-southeast-2a;ap-southeast-2b","network","2025-04-04T10:24:19.587000+00:00"
030332409480,"TollWorks-Reporting-ITE-NLB","TollWorks-Reporting-ITE-NLB-8a8cddad48799024.elb.ap-southeast-2.amazonaws.com","active","vpc-06295e1fae73a3b98","ap-southeast-2a;ap-southeast-2b","network","2024-11-19T18:01:48.399000+00:00"
030332409480,"TollWorks-ITE-NLB","TollWorks-ITE-NLB-db298605c27681e8.elb.ap-southeast-2.amazonaws.com","active","vpc-06295e1fae73a3b98","ap-southeast-2b;ap-southeast-2a","network","2024-11-19T05:17:05.726000+00:00"
030332409480,"ILFT-ITE-ALB","ILFT-ITE-ALB-142130133.ap-southeast-2.elb.amazonaws.com","active","vpc-06295e1fae73a3b98","ap-southeast-2b;ap-southeast-2a","application","2023-06-02T07:08:56.980000+00:00"
030332409480,"TollWorks-ITE-ALB","internal-TollWorks-ITE-ALB-928984616.ap-southeast-2.elb.amazonaws.com","active","vpc-06295e1fae73a3b98","ap-southeast-2a;ap-southeast-2b","application","2025-01-31T08:45:38.047000+00:00"
030332409480,"TollWorks-Reporting-ITE-NLB","internal-TollWorks-Reporting-ITE-NLB-1351237720.ap-southeast-2.elb.amazonaws.com","active","vpc-06295e1fae73a3b98","ap-southeast-2a;ap-southeast-2b","application","2025-02-28T11:45:04.052000+00:00"
030332409480,"ILFTLoadBalancer-ITE-ALB","internal-ILFTLoadBalancer-ITE-ALB-1068550376.ap-southeast-2.elb.amazonaws.com","active","vpc-06295e1fae73a3b98","ap-southeast-2a;ap-southeast-2b","application","2025-04-04T10:15:38.036000+00:00"
143237116399,"CPP-Prod-NLB","CPP-Prod-NLB-34ad03ad22147223.elb.ap-southeast-2.amazonaws.com","active","vpc-005f17170356b39d1","ap-southeast-2a;ap-southeast-2b;ap-southeast-2c","network","2023-07-25T12:26:07.039000+00:00"
143237116399,"Techserv-PROD-NLB","Techserv-PROD-NLB-5c2071f1540aa98a.elb.ap-southeast-2.amazonaws.com","active","vpc-005f17170356b39d1","ap-southeast-2a;ap-southeast-2c;ap-southeast-2b","network","2025-02-04T16:15:48.829000+00:00"
143237116399,"ssrs-prod-farm-nlb","ssrs-prod-farm-nlb-70a290d6ad6abcaf.elb.ap-southeast-2.amazonaws.com","active","vpc-005f17170356b39d1","ap-southeast-2b;ap-southeast-2a","network","2023-01-20T00:57:06.091000+00:00"
143237116399,"Fleetmon-ALB","Fleetmon-ALB-1636867744.ap-southeast-2.elb.amazonaws.com","active","vpc-005f17170356b39d1","ap-southeast-2b;ap-southeast-2a","application","2023-01-10T06:42:27.120000+00:00"
143237116399,"ssrs-prod-farm-alb","internal-ssrs-prod-farm-alb-1606957232.ap-southeast-2.elb.amazonaws.com","active","vpc-005f17170356b39d1","ap-southeast-2a;ap-southeast-2b","application","2023-01-25T13:19:07.810000+00:00"
143237116399,"FleetMon-ALB-Private","internal-FleetMon-ALB-Private-1391229956.ap-southeast-2.elb.amazonaws.com","active","vpc-005f17170356b39d1","ap-southeast-2a;ap-southeast-2b","application","2023-02-27T05:29:11.950000+00:00"
143237116399,"StreamDirect-PROD-ALB","StreamDirect-PROD-ALB-1684315703.ap-southeast-2.elb.amazonaws.com","active","vpc-005f17170356b39d1","ap-southeast-2c;ap-southeast-2b;ap-southeast-2a","application","2024-01-17T07:51:38.860000+00:00"
143237116399,"taps-prod","internal-taps-prod-2145163092.ap-southeast-2.elb.amazonaws.com","active","vpc-005f17170356b39d1","ap-southeast-2c;ap-southeast-2a;ap-southeast-2b","application","2024-10-09T03:29:56.310000+00:00"
143237116399,"Techserv-PROD-ALB","internal-Techserv-PROD-ALB-683735317.ap-southeast-2.elb.amazonaws.com","active","vpc-005f17170356b39d1","ap-southeast-2c;ap-southeast-2a;ap-southeast-2b","application","2025-02-04T16:06:47.289000+00:00"
182474764393,"TEDLBAWSP03","TEDLBAWSP03-d4a107894e9108af.elb.ap-southeast-2.amazonaws.com","active","vpc-0f7b9a5734e313598","ap-southeast-2a;ap-southeast-2b","network","2024-03-03T23:09:37.226000+00:00"
182474764393,"TDALBAUP021","TDALBAUP021-1014576098.ap-southeast-2.elb.amazonaws.com","active","vpc-0f7b9a5734e313598","ap-southeast-2b;ap-southeast-2a","application","2022-08-18T04:29:51.860000+00:00"
182474764393,"TEDLBAWSP01","TEDLBAWSP01-125144287.ap-southeast-2.elb.amazonaws.com","active","vpc-0f7b9a5734e313598","ap-southeast-2b;ap-southeast-2a","application","2024-03-03T23:09:37.210000+00:00"
182474764393,"TEDLBAWSP02","internal-TEDLBAWSP02-585994042.ap-southeast-2.elb.amazonaws.com","active","vpc-0f7b9a5734e313598","ap-southeast-2a;ap-southeast-2b","application","2024-03-03T23:09:37.220000+00:00"
182474764393,"TEDLBAWSP04","internal-TEDLBAWSP04-879680504.ap-southeast-2.elb.amazonaws.com","active","vpc-0f7b9a5734e313598","ap-southeast-2a;ap-southeast-2b","application","2024-03-03T23:09:37.590000+00:00"
182474764393,"TEDLBAWSP05","internal-TEDLBAWSP05-1156082357.ap-southeast-2.elb.amazonaws.com","active","vpc-0f7b9a5734e313598","ap-southeast-2c;ap-southeast-2a;ap-southeast-2b","application","2024-03-14T04:00:00.770000+00:00"
302791467987,"webm-uat-backend","webm-uat-backend-086d173b0731959a.elb.ap-southeast-2.amazonaws.com","active","vpc-085929e99d8c63968","ap-southeast-2a;ap-southeast-2b","network","2023-11-24T01:33:16.956000+00:00"
302791467987,"webm-sit-backend","webm-sit-backend-09ba855771515550.elb.ap-southeast-2.amazonaws.com","active","vpc-085929e99d8c63968","ap-southeast-2a;ap-southeast-2b;ap-southeast-2c","network","2023-12-08T05:19:00.009000+00:00"
302791467987,"IBM-ISV-Gateway-OrderMTS-DevNLB","IBM-ISV-Gateway-OrderMTS-DevNLB-16e190bc6e1c7f15.elb.ap-southeast-2.amazonaws.com","active","vpc-085929e99d8c63968","ap-southeast-2a;ap-southeast-2c;ap-southeast-2b","network","2024-09-16T06:06:48.487000+00:00"
302791467987,"TF-NP-NLB-2","TF-NP-NLB-2-2d626de96bc87146.elb.ap-southeast-2.amazonaws.com","active","vpc-085929e99d8c63968","ap-southeast-2c;ap-southeast-2a;ap-southeast-2b","network","2025-02-26T03:33:34.987000+00:00"
302791467987,"IBM-ISV-Gateway-MTS-DevNLB","IBM-ISV-Gateway-MTS-DevNLB-6039d7873b3f9dbb.elb.ap-southeast-2.amazonaws.com","active","vpc-085929e99d8c63968","ap-southeast-2b;ap-southeast-2a;ap-southeast-2c","network","2024-09-16T06:05:43.421000+00:00"
302791467987,"webm-perf-backend","webm-perf-backend-8236ef21f95beb8d.elb.ap-southeast-2.amazonaws.com","active","vpc-085929e99d8c63968","ap-southeast-2b;ap-southeast-2a","network","2023-12-14T12:06:56.254000+00:00"
302791467987,"Precom-WebM-UAT","internal-Precom-WebM-UAT-248834327.ap-southeast-2.elb.amazonaws.com","active","vpc-085929e99d8c63968","ap-southeast-2a;ap-southeast-2c;ap-southeast-2b","application","2023-12-29T10:41:05.180000+00:00"
302791467987,"Precom-WebM-PERF","internal-Precom-WebM-PERF-679947650.ap-southeast-2.elb.amazonaws.com","active","vpc-085929e99d8c63968","ap-southeast-2a;ap-southeast-2c;ap-southeast-2b","application","2024-01-05T14:11:58.520000+00:00"
302791467987,"kodak-infuse-nonprod","internal-kodak-infuse-nonprod-1643003081.ap-southeast-2.elb.amazonaws.com","active","vpc-085929e99d8c63968","ap-southeast-2a;ap-southeast-2c;ap-southeast-2b","application","2024-02-06T00:21:51.470000+00:00"
394128373775,"SQLMatic","internal-SQLMatic-1910921802.ap-southeast-2.elb.amazonaws.com","active","vpc-0af048783cf08920e","ap-southeast-2c;ap-southeast-2a;ap-southeast-2b","application","2025-08-14T00:03:17.818000+00:00"
502966642495,"AU-PROD-ECS-API-NLB","AU-PROD-ECS-API-NLB-aa884e04a8909207.elb.ap-southeast-2.amazonaws.com","active","vpc-07380861fab72886a","ap-southeast-2c;ap-southeast-2b;ap-southeast-2a","network","2022-10-31T10:33:30.059000+00:00"
502966642495,"AU-PROD-AXASM-NLB","AU-PROD-AXASM-NLB-d0b87628c669cd98.elb.ap-southeast-2.amazonaws.com","active","vpc-07380861fab72886a","ap-southeast-2a;ap-southeast-2b","network","2022-11-03T11:35:46.600000+00:00"
502966642495,"AU-PROD-ECS-API-ELB","internal-AU-PROD-ECS-API-ELB-431797524.ap-southeast-2.elb.amazonaws.com","active","vpc-07380861fab72886a","ap-southeast-2c;ap-southeast-2b;ap-southeast-2a","application","2022-11-03T13:03:14.500000+00:00"
502966642495,"AU-PROD-CES-ALB","internal-AU-PROD-CES-ALB-1208307.ap-southeast-2.elb.amazonaws.com","active","vpc-07380861fab72886a","ap-southeast-2b;ap-southeast-2a","application","2022-11-04T07:49:25.270000+00:00"
502966642495,"AU-PROD-ECS-EMR-API-ELB","internal-AU-PROD-ECS-EMR-API-ELB-1226979227.ap-southeast-2.elb.amazonaws.com","active","vpc-069f05eb431814369","ap-southeast-2c;ap-southeast-2b;ap-southeast-2a","application","2022-12-16T10:51:06.790000+00:00"
502966642495,"CIP-PRV-PROD-ECS-API-ELB","internal-CIP-PRV-PROD-ECS-API-ELB-1063823236.ap-southeast-2.elb.amazonaws.com","active","vpc-07800e48f3c1894dd","ap-southeast-2a;ap-southeast-2b","application","2024-08-09T10:55:22.270000+00:00"
502966642495,"AU-PROD-ASM-ALB","internal-AU-PROD-ASM-ALB-270991063.ap-southeast-2.elb.amazonaws.com","active","vpc-07380861fab72886a","ap-southeast-2b;ap-southeast-2a","application","2024-10-17T14:22:16.730000+00:00"
502966642495,"AU-PROD-ADS-ALB","internal-AU-PROD-ADS-ALB-106016783.ap-southeast-2.elb.amazonaws.com","active","vpc-07380861fab72886a","ap-southeast-2b;ap-southeast-2a","application","2024-10-17T15:55:38.760000+00:00"
502966642495,"CIP-PUB-PROD-ECS-API-ELB","CIP-PUB-PROD-ECS-API-ELB-1363681330.ap-southeast-2.elb.amazonaws.com","active","vpc-07800e48f3c1894dd","ap-southeast-2b;ap-southeast-2a","application","2024-10-18T12:03:28.430000+00:00"
502966642495,"CIP-MIG-PRV-PROD-ECS-API-ELB","internal-CIP-MIG-PRV-PROD-ECS-API-ELB-813346489.ap-southeast-2.elb.amazonaws.com","active","vpc-07800e48f3c1894dd","ap-southeast-2a;ap-southeast-2b;ap-southeast-2c","application","2025-03-28T09:35:38.219000+00:00"
502966642495,"CIP-ZIP-MIG-PRV-PROD-ECS-API-ELB","internal-CIP-ZIP-MIG-PRV-PROD-ECS-API-ELB-1799845053.ap-southeast-2.elb.amazonaws.com","active","vpc-07800e48f3c1894dd","ap-southeast-2a;ap-southeast-2b;ap-southeast-2c","application","2025-03-28T09:40:38.879000+00:00"
502966642495,"CIP-MIG-TAR-PRV-PROD-ECS-API-ELB","internal-CIP-MIG-TAR-PRV-PROD-ECS-API-ELB-1906626434.ap-southeast-2.elb.amazonaws.com","active","vpc-07800e48f3c1894dd","ap-southeast-2a;ap-southeast-2b;ap-southeast-2c","application","2025-05-06T10:41:46.556000+00:00"
502966642495,"CIP-TAR-MIG-PRV-PROD-ECS-API-ELB","internal-CIP-TAR-MIG-PRV-PROD-ECS-API-ELB-1502416424.ap-southeast-2.elb.amazonaws.com","active","vpc-07800e48f3c1894dd","ap-southeast-2a;ap-southeast-2b;ap-southeast-2c","application","2025-05-06T10:57:46.643000+00:00"
503095242877,"SolarWinds-Webfarm-nlb","SolarWinds-Webfarm-nlb-0eb920b3f07a21e9.elb.ap-southeast-2.amazonaws.com","active","vpc-0588bf1f78055cff7","ap-southeast-2a;ap-southeast-2c;ap-southeast-2b","network","2022-07-28T07:25:28.091000+00:00"
503095242877,"b2b-farm-nlb","b2b-farm-nlb-18d69659d9bfc846.elb.ap-southeast-2.amazonaws.com","active","vpc-0efccc9bc18221daa","ap-southeast-2b;ap-southeast-2a","network","2022-09-19T06:27:23.427000+00:00"
503095242877,"iexprd01eex-farm-nlb","iexprd01eex-farm-nlb-1a724f3088bc9a90.elb.ap-southeast-2.amazonaws.com","active","vpc-0efccc9bc18221daa","ap-southeast-2b;ap-southeast-2a","network","2022-09-19T06:13:30.737000+00:00"
503095242877,"iexuat01legb2b-farm-nlb","iexuat01legb2b-farm-nlb-1fe7c2c05da9d57e.elb.ap-southeast-2.amazonaws.com","active","vpc-0ee23d6aa704a869b","ap-southeast-2c;ap-southeast-2b","network","2022-07-07T09:03:05.555000+00:00"
503095242877,"IBM-ISV-Gateway-MTS-NLB","IBM-ISV-Gateway-MTS-NLB-2b8fad062070498f.elb.ap-southeast-2.amazonaws.com","active","vpc-0588bf1f78055cff7","ap-southeast-2b;ap-southeast-2a","network","2023-05-16T03:38:43.810000+00:00"
503095242877,"iexprd01mws-farm-nlb","iexprd01mws-farm-nlb-36195e2ad65ce72b.elb.ap-southeast-2.amazonaws.com","active","vpc-0efccc9bc18221daa","ap-southeast-2b;ap-southeast-2a","network","2022-09-19T06:13:30.783000+00:00"
503095242877,"iexuat01mws-farm-nlb","iexuat01mws-farm-nlb-38d45d9c343f7657.elb.ap-southeast-2.amazonaws.com","active","vpc-0ee23d6aa704a869b","ap-southeast-2b;ap-southeast-2c","network","2022-09-02T06:47:21.404000+00:00"
503095242877,"IBM-ISV-Gateway-MTS-TestNLB","IBM-ISV-Gateway-MTS-TestNLB-3e13cf01ea54f71e.elb.ap-southeast-2.amazonaws.com","active","vpc-06e884891c7e928e1","ap-southeast-2b;ap-southeast-2a","network","2023-05-17T10:24:49.153000+00:00"
503095242877,"iexprd01cmna2a-farm-nlb","iexprd01cmna2a-farm-nlb-41268497d21f13a5.elb.ap-southeast-2.amazonaws.com","active","vpc-0efccc9bc18221daa","ap-southeast-2b;ap-southeast-2a","network","2022-07-07T09:23:00.718000+00:00"
503095242877,"iexuat01cmnb2b-farm-nlb","iexuat01cmnb2b-farm-nlb-4835df3655af8d9b.elb.ap-southeast-2.amazonaws.com","active","vpc-0ee23d6aa704a869b","ap-southeast-2b;ap-southeast-2c","network","2022-07-07T09:03:05.677000+00:00"
503095242877,"ricoh-int-nlb","ricoh-int-nlb-4aa6d7fe42b2e607.elb.ap-southeast-2.amazonaws.com","active","vpc-0588bf1f78055cff7","ap-southeast-2b;ap-southeast-2a","network","2023-05-24T03:53:05.714000+00:00"
503095242877,"Solarwind-orion-Web-NLB","Solarwind-orion-Web-NLB-54644b8c633e971f.elb.ap-southeast-2.amazonaws.com","active","vpc-0588bf1f78055cff7","ap-southeast-2b;ap-southeast-2a","network","2024-04-05T11:49:18.097000+00:00"
503095242877,"webm-prod-backend","webm-prod-backend-68980f1f715c3023.elb.ap-southeast-2.amazonaws.com","active","vpc-0588bf1f78055cff7","ap-southeast-2a;ap-southeast-2b","network","2024-01-10T06:01:44.083000+00:00"
503095242877,"iexprd01cmnb2b-farm-nlb","iexprd01cmnb2b-farm-nlb-69ce21cdf93c98bd.elb.ap-southeast-2.amazonaws.com","active","vpc-0efccc9bc18221daa","ap-southeast-2a;ap-southeast-2b","network","2022-07-07T09:22:59.857000+00:00"
503095242877,"iexprd01legb2b-farm-nlb","iexprd01legb2b-farm-nlb-6a4c565adb3a0acc.elb.ap-southeast-2.amazonaws.com","active","vpc-0efccc9bc18221daa","ap-southeast-2b;ap-southeast-2a","network","2022-07-07T09:23:00.025000+00:00"
503095242877,"api-nlb","api-nlb-6b232d39b5dced9b.elb.ap-southeast-2.amazonaws.com","active","vpc-0efccc9bc18221daa","ap-southeast-2b;ap-southeast-2a","network","2022-09-19T06:27:23.404000+00:00"
503095242877,"iexuat01cmna2a-farm-nlb","iexuat01cmna2a-farm-nlb-7e5639c7c704c15b.elb.ap-southeast-2.amazonaws.com","active","vpc-0ee23d6aa704a869b","ap-southeast-2c;ap-southeast-2b","network","2022-07-07T09:03:05.983000+00:00"
503095242877,"IBM-ISV-Gateway-OrderMTS-TestNLB","IBM-ISV-Gateway-OrderMTS-TestNLB-882e132972feb7d6.elb.ap-southeast-2.amazonaws.com","active","vpc-06e884891c7e928e1","ap-southeast-2b;ap-southeast-2a","network","2023-05-17T10:18:56.581000+00:00"
503095242877,"iexuat01mft-farm-nlb","iexuat01mft-farm-nlb-92ba16958f3b6e6b.elb.ap-southeast-2.amazonaws.com","active","vpc-0ee23d6aa704a869b","ap-southeast-2c;ap-southeast-2b","network","2022-07-07T09:03:05.712000+00:00"
503095242877,"dropbox-nlb","dropbox-nlb-940c83b28b722391.elb.ap-southeast-2.amazonaws.com","active","vpc-0588bf1f78055cff7","ap-southeast-2b;ap-southeast-2a","network","2022-11-24T09:11:36.461000+00:00"
503095242877,"iexprd01awsb2b-farm-nlb","iexprd01awsb2b-farm-nlb-977841c546cc5a76.elb.ap-southeast-2.amazonaws.com","active","vpc-0efccc9bc18221daa","ap-southeast-2a;ap-southeast-2b","network","2022-07-07T09:23:00.503000+00:00"
503095242877,"gen-uiservices-farm-nlb","gen-uiservices-farm-nlb-9d2b893c8d806d54.elb.ap-southeast-2.amazonaws.com","active","vpc-0efccc9bc18221daa","ap-southeast-2a;ap-southeast-2b","network","2022-07-07T09:22:59.790000+00:00"
503095242877,"iexprd01tolb2b-farm-nlb","iexprd01tolb2b-farm-nlb-a3ee74add9655eb9.elb.ap-southeast-2.amazonaws.com","active","vpc-0efccc9bc18221daa","ap-southeast-2b;ap-southeast-2a","network","2022-07-07T09:22:59.960000+00:00"
503095242877,"gen-uat-farm-nlb","gen-uat-farm-nlb-a5af123e2ec5b45a.elb.ap-southeast-2.amazonaws.com","active","vpc-0ee23d6aa704a869b","ap-southeast-2b;ap-southeast-2c","network","2022-09-05T06:53:35.799000+00:00"
503095242877,"Solarwinds-NLB","Solarwinds-NLB-b002f1fa3c5914fb.elb.ap-southeast-2.amazonaws.com","active","vpc-0588bf1f78055cff7","ap-southeast-2a;ap-southeast-2b","network","2022-07-29T09:50:37.615000+00:00"
503095242877,"iexuat01eex-farm-nlb","iexuat01eex-farm-nlb-b6507bfebf6e5148.elb.ap-southeast-2.amazonaws.com","active","vpc-0ee23d6aa704a869b","ap-southeast-2b;ap-southeast-2c","network","2022-09-05T07:09:41.187000+00:00"
503095242877,"api-qa-nlb","api-qa-nlb-bc0197824f607db9.elb.ap-southeast-2.amazonaws.com","active","vpc-0ee23d6aa704a869b","ap-southeast-2b;ap-southeast-2a","network","2022-09-13T05:04:19.366000+00:00"
503095242877,"IBM-ISV-Gateway-OrderMTS-NLB","IBM-ISV-Gateway-OrderMTS-NLB-c270b5d35a79c1f1.elb.ap-southeast-2.amazonaws.com","active","vpc-0588bf1f78055cff7","ap-southeast-2a;ap-southeast-2b","network","2023-05-16T03:41:13.056000+00:00"
503095242877,"iexuat01awsb2b-farm-nlb","iexuat01awsb2b-farm-nlb-c2819053e8728212.elb.ap-southeast-2.amazonaws.com","active","vpc-0ee23d6aa704a869b","ap-southeast-2b;ap-southeast-2c","network","2022-07-07T09:03:05.840000+00:00"
503095242877,"gen-farm-nlb","gen-farm-nlb-c3f060ca76ef74b2.elb.ap-southeast-2.amazonaws.com","active","vpc-0efccc9bc18221daa","ap-southeast-2a;ap-southeast-2b","network","2022-09-13T12:06:55.122000+00:00"
503095242877,"api-int-nlb","api-int-nlb-d463a69c8925381b.elb.ap-southeast-2.amazonaws.com","active","vpc-0efccc9bc18221daa","ap-southeast-2a;ap-southeast-2b","network","2022-07-07T09:23:00.126000+00:00"
503095242877,"api-uat-int-nlb","api-uat-int-nlb-d86290b030757e5a.elb.ap-southeast-2.amazonaws.com","active","vpc-0ee23d6aa704a869b","ap-southeast-2c;ap-southeast-2b","network","2022-09-05T09:33:02.456000+00:00"
503095242877,"b2b-uat-farm-nlb","b2b-uat-farm-nlb-d9cc2a641ec141a2.elb.ap-southeast-2.amazonaws.com","active","vpc-0ee23d6aa704a869b","ap-southeast-2b;ap-southeast-2c","network","2022-09-19T06:49:37.705000+00:00"
503095242877,"api-uat-nlb","api-uat-nlb-e1ea3012b59864e3.elb.ap-southeast-2.amazonaws.com","active","vpc-0ee23d6aa704a869b","ap-southeast-2c;ap-southeast-2b","network","2022-09-12T08:38:02.554000+00:00"
503095242877,"iexuat01tolb2b-farm-nlb","iexuat01tolb2b-farm-nlb-e9335f65cf0a5938.elb.ap-southeast-2.amazonaws.com","active","vpc-0ee23d6aa704a869b","ap-southeast-2c;ap-southeast-2b","network","2022-07-07T09:03:05.891000+00:00"
503095242877,"iexprd01mft-farm-nlb","iexprd01mft-farm-nlb-fca7a66bfec1fae8.elb.ap-southeast-2.amazonaws.com","active","vpc-0efccc9bc18221daa","ap-southeast-2a;ap-southeast-2b","network","2022-07-07T09:23:00.088000+00:00"
503095242877,"IBM-ISV-Gateway-ALB-Test","IBM-ISV-Gateway-ALB-Test-1830464201.ap-southeast-2.elb.amazonaws.com","active","vpc-06e884891c7e928e1","ap-southeast-2c;ap-southeast-2b;ap-southeast-2a","application","2022-12-06T07:39:29.510000+00:00"
503095242877,"IBM-ISV-Gateway-ALB","IBM-ISV-Gateway-ALB-1986190195.ap-southeast-2.elb.amazonaws.com","active","vpc-0588bf1f78055cff7","ap-southeast-2c;ap-southeast-2b;ap-southeast-2a","application","2022-12-08T07:22:22.890000+00:00"
503095242877,"api-uat-alb","api-uat-alb-1094885272.ap-southeast-2.elb.amazonaws.com","active","vpc-0ee23d6aa704a869b","ap-southeast-2c;ap-southeast-2b","application","2023-02-20T01:33:25.850000+00:00"
503095242877,"TGE-PwdReset-ALB-Test","internal-TGE-PwdReset-ALB-Test-66176193.ap-southeast-2.elb.amazonaws.com","active","vpc-06e884891c7e928e1","ap-southeast-2a;ap-southeast-2c;ap-southeast-2b","application","2023-11-02T05:46:17.180000+00:00"
503095242877,"Precom-WebM-PROD","internal-Precom-WebM-PROD-1819114206.ap-southeast-2.elb.amazonaws.com","active","vpc-0588bf1f78055cff7","ap-southeast-2b;ap-southeast-2a;ap-southeast-2c","application","2024-01-10T06:05:20.550000+00:00"
503095242877,"kodakinfuse-prod","internal-kodakinfuse-prod-29559944.ap-southeast-2.elb.amazonaws.com","active","vpc-0588bf1f78055cff7","ap-southeast-2b;ap-southeast-2a;ap-southeast-2c","application","2024-02-09T00:10:50.550000+00:00"
503095242877,"IBM-ISV-Gateway-ALB-Test-Private","internal-IBM-ISV-Gateway-ALB-Test-Private-678334258.ap-southeast-2.elb.amazonaws.com","active","vpc-06e884891c7e928e1","ap-southeast-2a;ap-southeast-2c;ap-southeast-2b","application","2024-08-09T07:33:32.490000+00:00"
503095242877,"IBM-ISV-Gateway-ALB-Private","internal-IBM-ISV-Gateway-ALB-Private-1789993174.ap-southeast-2.elb.amazonaws.com","active","vpc-0588bf1f78055cff7","ap-southeast-2b;ap-southeast-2a;ap-southeast-2c","application","2024-08-30T10:39:30.100000+00:00"
503668926494,"TollWorks-Reporting-PREPROD-NLB","TollWorks-Reporting-PREPROD-NLB-33fe6cb8f06bf485.elb.ap-southeast-2.amazonaws.com","active","vpc-0d4a64719afa102b4","ap-southeast-2b;ap-southeast-2a","network","2024-12-04T04:24:42.002000+00:00"
503668926494,"TollWorks-PREPROD-NLB","TollWorks-PREPROD-NLB-4c4abf5548806f08.elb.ap-southeast-2.amazonaws.com","active","vpc-0d4a64719afa102b4","ap-southeast-2a;ap-southeast-2b","network","2024-12-03T11:52:44.135000+00:00"
503668926494,"ILFT-PREPROD-NLB","ILFT-PREPROD-NLB-6ba6f6cfbf1dc065.elb.ap-southeast-2.amazonaws.com","active","vpc-0d4a64719afa102b4","ap-southeast-2a;ap-southeast-2b","network","2025-03-29T09:02:19.158000+00:00"
503668926494,"TollWorks-PREPROD-ALB","internal-TollWorks-PREPROD-ALB-1179942258.ap-southeast-2.elb.amazonaws.com","active","vpc-0d4a64719afa102b4","ap-southeast-2a;ap-southeast-2b","application","2025-01-23T06:31:28.489000+00:00"
503668926494,"TollWorks-Reporting-PREPROD-ALB","internal-TollWorks-Reporting-PREPROD-ALB-893099612.ap-southeast-2.elb.amazonaws.com","active","vpc-0d4a64719afa102b4","ap-southeast-2a;ap-southeast-2b","application","2025-02-05T18:41:24.031000+00:00"
503668926494,"ILFT-PREPROD-ALB","internal-ILFT-PREPROD-ALB-1062777400.ap-southeast-2.elb.amazonaws.com","active","vpc-0d4a64719afa102b4","ap-southeast-2a;ap-southeast-2b","application","2025-02-07T12:51:08.985000+00:00"
526578843223,"http-dynatrace-relay-alb","internal-http-dynatrace-relay-alb-1307117084.ap-southeast-2.elb.amazonaws.com","active","vpc-0795466f0d03ef3a9","ap-southeast-2a;ap-southeast-2b","application","2025-04-28T10:45:51.819000+00:00"
644348495995,"http-dynatrace-relay-alb","internal-http-dynatrace-relay-alb-1410046337.ap-southeast-2.elb.amazonaws.com","active","vpc-00a1387747696873f","ap-southeast-2b;ap-southeast-2a","application","2025-05-20T08:23:51.441000+00:00"
742069625158,"TollWorks-Reporting-NLB","TollWorks-Reporting-NLB-094d0e7daa1f4ed2.elb.ap-southeast-2.amazonaws.com","active","vpc-02993da03751f1497","ap-southeast-2a;ap-southeast-2c;ap-southeast-2b","network","2025-02-20T18:56:58.606000+00:00"
742069625158,"TollWorks-APP-NLB","TollWorks-APP-NLB-934bbf4323437e16.elb.ap-southeast-2.amazonaws.com","active","vpc-02993da03751f1497","ap-southeast-2b;ap-southeast-2c;ap-southeast-2a","network","2025-02-20T17:37:32.351000+00:00"
742069625158,"ILFTLoadBalancer-NLB","ILFTLoadBalancer-NLB-9ef7351bc3248a17.elb.ap-southeast-2.amazonaws.com","active","vpc-02993da03751f1497","ap-southeast-2a;ap-southeast-2b;ap-southeast-2c","network","2025-06-24T06:32:12.996000+00:00"
742069625158,"ILFT-PROD-ALB","ILFT-PROD-ALB-1754035880.ap-southeast-2.elb.amazonaws.com","active","vpc-02993da03751f1497","ap-southeast-2a;ap-southeast-2b;ap-southeast-2c","application","2023-07-18T05:55:53.200000+00:00"
742069625158,"tw-app-prod-alb","internal-tw-app-prod-alb-883171347.ap-southeast-2.elb.amazonaws.com","active","vpc-02993da03751f1497","ap-southeast-2a;ap-southeast-2b","application","2023-08-21T14:35:44.640000+00:00"
742069625158,"TollWorks-APP-ALB","internal-TollWorks-APP-ALB-843918342.ap-southeast-2.elb.amazonaws.com","active","vpc-02993da03751f1497","ap-southeast-2a;ap-southeast-2c;ap-southeast-2b","application","2025-02-20T17:37:32.439000+00:00"
742069625158,"TollWorks-Reporting-ALB","internal-TollWorks-Reporting-ALB-689978443.ap-southeast-2.elb.amazonaws.com","active","vpc-02993da03751f1497","ap-southeast-2a;ap-southeast-2c;ap-southeast-2b","application","2025-02-20T18:56:58.688000+00:00"
742069625158,"ILFTLoadBalancer-ALB","internal-ILFTLoadBalancer-ALB-1225883866.ap-southeast-2.elb.amazonaws.com","active","vpc-02993da03751f1497","ap-southeast-2a;ap-southeast-2c;ap-southeast-2b","application","2025-06-24T06:35:13.093000+00:00"
742069625158,"ProdILFTLoadBalancer","internal-ProdILFTLoadBalancer-1656411728.ap-southeast-2.elb.amazonaws.com","active","vpc-02993da03751f1497","ap-southeast-2b;ap-southeast-2a;ap-southeast-2c","classic","2023-05-13T16:20:37.230000+00:00"
742069625158,"ProdPODLoadBalancer","internal-ProdPODLoadBalancer-779658049.ap-southeast-2.elb.amazonaws.com","active","vpc-02993da03751f1497","ap-southeast-2b;ap-southeast-2a;ap-southeast-2c","classic","2023-05-13T16:43:53.960000+00:00"
749919732152,"CPP-NonProd-NLB","CPP-NonProd-NLB-41d014d69b0cb383.elb.ap-southeast-2.amazonaws.com","active","vpc-0e55be5d7491b5cb4","ap-southeast-2b;ap-southeast-2c;ap-southeast-2a","network","2023-07-18T14:23:43.148000+00:00"
749919732152,"StreamDirect-Dev-ALB","StreamDirect-Dev-ALB-1296904603.ap-southeast-2.elb.amazonaws.com","active","vpc-09a6c2cfc84e83057","ap-southeast-2c;ap-southeast-2b","application","2024-01-31T04:11:55.030000+00:00"
749919732152,"SSRSNonProd-int-prod-alb","internal-SSRSNonProd-int-prod-alb-37446537.ap-southeast-2.elb.amazonaws.com","active","vpc-09a6c2cfc84e83057","ap-southeast-2a;ap-southeast-2b;ap-southeast-2c","application","2024-05-17T03:10:44.150000+00:00"
749919732152,"taps-staging","internal-taps-staging-2085148523.ap-southeast-2.elb.amazonaws.com","active","vpc-0e55be5d7491b5cb4","ap-southeast-2c;ap-southeast-2a;ap-southeast-2b","application","2024-08-16T04:13:46.700000+00:00"
749919732152,"taps-dev","internal-taps-dev-1671133226.ap-southeast-2.elb.amazonaws.com","active","vpc-0e55be5d7491b5cb4","ap-southeast-2c;ap-southeast-2a;ap-southeast-2b","application","2025-03-18T08:07:42.265000+00:00"
764897823219,"TEDLBAWST03","TEDLBAWST03-1bd5706ff4d1a528.elb.ap-southeast-2.amazonaws.com","active","vpc-090dc71b95ea344a3","ap-southeast-2a;ap-southeast-2b","network","2023-11-15T01:00:11.760000+00:00"
764897823219,"TEDLBAWSU03","TEDLBAWSU03-52f66464975e453c.elb.ap-southeast-2.amazonaws.com","active","vpc-090dc71b95ea344a3","ap-southeast-2b;ap-southeast-2a","network","2023-11-15T01:01:33.358000+00:00"
764897823219,"TDALBAUD001","TDALBAUD001-1336198717.ap-southeast-2.elb.amazonaws.com","active","vpc-090dc71b95ea344a3","ap-southeast-2a;ap-southeast-2b","application","2022-08-03T02:00:04.270000+00:00"
764897823219,"TDALBAUT011","TDALBAUT011-1136396572.ap-southeast-2.elb.amazonaws.com","active","vpc-090dc71b95ea344a3","ap-southeast-2a;ap-southeast-2b","application","2022-08-11T00:09:32.780000+00:00"
764897823219,"TDALBAUU031","TDALBAUU031-1134591428.ap-southeast-2.elb.amazonaws.com","active","vpc-090dc71b95ea344a3","ap-southeast-2a;ap-southeast-2b","application","2022-08-11T00:14:28.290000+00:00"
764897823219,"idam-mock","internal-idam-mock-1553263264.ap-southeast-2.elb.amazonaws.com","active","vpc-090dc71b95ea344a3","ap-southeast-2a;ap-southeast-2b","application","2023-03-10T00:18:02.870000+00:00"
764897823219,"TEDLBAWST02","internal-TEDLBAWST02-1435434019.ap-southeast-2.elb.amazonaws.com","active","vpc-090dc71b95ea344a3","ap-southeast-2a;ap-southeast-2b","application","2023-11-15T01:00:11.640000+00:00"
764897823219,"TEDLBAWST04","internal-TEDLBAWST04-3799613.ap-southeast-2.elb.amazonaws.com","active","vpc-090dc71b95ea344a3","ap-southeast-2a;ap-southeast-2b","application","2023-11-15T01:00:11.720000+00:00"
764897823219,"TEDLBAWST01","TEDLBAWST01-566085476.ap-southeast-2.elb.amazonaws.com","active","vpc-090dc71b95ea344a3","ap-southeast-2a;ap-southeast-2b","application","2023-11-15T01:00:11.920000+00:00"
764897823219,"TEDLBAWSU04","internal-TEDLBAWSU04-43423809.ap-southeast-2.elb.amazonaws.com","active","vpc-090dc71b95ea344a3","ap-southeast-2a;ap-southeast-2b","application","2023-11-15T01:01:32.180000+00:00"
764897823219,"TEDLBAWSU01","TEDLBAWSU01-394796045.ap-southeast-2.elb.amazonaws.com","active","vpc-090dc71b95ea344a3","ap-southeast-2a;ap-southeast-2b","application","2023-11-15T01:01:32.290000+00:00"
764897823219,"TEDLBAWSU02","internal-TEDLBAWSU02-1358840188.ap-southeast-2.elb.amazonaws.com","active","vpc-090dc71b95ea344a3","ap-southeast-2a;ap-southeast-2b","application","2023-11-15T01:01:32.680000+00:00"
764897823219,"TEDLBAWSD01","TEDLBAWSD01-1314112806.ap-southeast-2.elb.amazonaws.com","active","vpc-090dc71b95ea344a3","ap-southeast-2a;ap-southeast-2b","application","2023-11-15T01:40:25.130000+00:00"
764897823219,"TEDLBAWSD02","internal-TEDLBAWSD02-1133540178.ap-southeast-2.elb.amazonaws.com","active","vpc-090dc71b95ea344a3","ap-southeast-2c;ap-southeast-2a;ap-southeast-2b","application","2024-02-13T23:07:04.640000+00:00"
764897823219,"TEDLBAWST05","internal-TEDLBAWST05-980794900.ap-southeast-2.elb.amazonaws.com","active","vpc-090dc71b95ea344a3","ap-southeast-2c;ap-southeast-2a;ap-southeast-2b","application","2024-03-14T03:54:10.310000+00:00"
764897823219,"TEDLBAWSU05","internal-TEDLBAWSU05-1519660594.ap-southeast-2.elb.amazonaws.com","active","vpc-090dc71b95ea344a3","ap-southeast-2c;ap-southeast-2a;ap-southeast-2b","application","2024-03-14T03:55:40.010000+00:00"
789893824481,"http-dynatrace-relay-alb","internal-http-dynatrace-relay-alb-671492171.ap-southeast-2.elb.amazonaws.com","active","vpc-0afa156dc03570cef","ap-southeast-2a;ap-southeast-2b","application","2025-05-29T06:54:52.212000+00:00"
828585044836,"TEDLBAWSS03","TEDLBAWSS03-6363ba8f8ad0f92b.elb.ap-southeast-2.amazonaws.com","active","vpc-00721af23f33f287f","ap-southeast-2b;ap-southeast-2a","network","2024-01-31T04:28:57.109000+00:00"
828585044836,"TDALBAUU021","TDALBAUU021-1081404564.ap-southeast-2.elb.amazonaws.com","active","vpc-00721af23f33f287f","ap-southeast-2b;ap-southeast-2a","application","2022-08-18T02:39:14.870000+00:00"
828585044836,"grafana","internal-grafana-1066448521.ap-southeast-2.elb.amazonaws.com","active","vpc-00721af23f33f287f","ap-southeast-2b;ap-southeast-2a","application","2022-09-29T22:46:14.730000+00:00"
828585044836,"Stubs","internal-Stubs-348154771.ap-southeast-2.elb.amazonaws.com","active","vpc-00721af23f33f287f","ap-southeast-2b;ap-southeast-2c;ap-southeast-2a","application","2023-11-22T23:58:00.690000+00:00"
828585044836,"TEDLBAWSS04","internal-TEDLBAWSS04-1199630858.ap-southeast-2.elb.amazonaws.com","active","vpc-00721af23f33f287f","ap-southeast-2b;ap-southeast-2a","application","2024-01-31T04:28:57.100000+00:00"
828585044836,"TEDLBAWSS02","internal-TEDLBAWSS02-1050874373.ap-southeast-2.elb.amazonaws.com","active","vpc-00721af23f33f287f","ap-southeast-2b;ap-southeast-2c;ap-southeast-2a","application","2024-01-31T04:28:57.270000+00:00"
828585044836,"TEDLBAWSS01","TEDLBAWSS01-777783040.ap-southeast-2.elb.amazonaws.com","active","vpc-00721af23f33f287f","ap-southeast-2b;ap-southeast-2a;ap-southeast-2c","application","2024-01-31T04:28:57.360000+00:00"
867027724345,"Techserv-UAT-NLB","Techserv-UAT-NLB-2d6eeca5ee3b5518.elb.ap-southeast-2.amazonaws.com","active","vpc-0fb07aad4bff14fd5","ap-southeast-2c;ap-southeast-2a;ap-southeast-2b","network","2025-01-29T10:45:33.422000+00:00"
867027724345,"taps-preprod","internal-taps-preprod-1668208021.ap-southeast-2.elb.amazonaws.com","active","vpc-0fb07aad4bff14fd5","ap-southeast-2b;ap-southeast-2c;ap-southeast-2a","application","2024-09-13T06:21:02.510000+00:00"
867027724345,"Techserv-UAT-ALB","internal-Techserv-UAT-ALB-979620441.ap-southeast-2.elb.amazonaws.com","active","vpc-0fb07aad4bff14fd5","ap-southeast-2b;ap-southeast-2c;ap-southeast-2a","application","2025-01-29T10:20:02.493000+00:00"
867027724345,"taps-perf","internal-taps-perf-2023106908.ap-southeast-2.elb.amazonaws.com","active","vpc-0fb07aad4bff14fd5","ap-southeast-2b;ap-southeast-2c;ap-southeast-2a","application","2025-02-12T06:28:28.584000+00:00"
905418144846,"http-dynatrace-relay-alb","http-dynatrace-relay-alb-657333902.ap-southeast-2.elb.amazonaws.com","active","vpc-0eb3343e342ce9b62","ap-southeast-2b;ap-southeast-2a","application","2025-03-29T00:24:37.721000+00:00"
927721130786,"AU-PS-ECS-API-NLB","AU-PS-ECS-API-NLB-3d1fedd96c8693d4.elb.ap-southeast-2.amazonaws.com","active","vpc-043c2e2ef5009927f","ap-southeast-2a;ap-southeast-2b","network","2023-01-09T05:09:46.803000+00:00"
927721130786,"AU-PERF-ECS-API-NLB","AU-PERF-ECS-API-NLB-5376abc1c31f3466.elb.ap-southeast-2.amazonaws.com","active","vpc-043c2e2ef5009927f","ap-southeast-2b;ap-southeast-2a;ap-southeast-2c","network","2022-08-24T07:50:29.817000+00:00"
927721130786,"AU-UAT-ECS-API-NLB","AU-UAT-ECS-API-NLB-af3bc8214fd3be5f.elb.ap-southeast-2.amazonaws.com","active","vpc-043c2e2ef5009927f","ap-southeast-2a;ap-southeast-2b","network","2022-09-16T10:36:26.248000+00:00"
927721130786,"AU-DEV-ECS-API-NLB","AU-DEV-ECS-API-NLB-bb1a05485ca627c6.elb.ap-southeast-2.amazonaws.com","active","vpc-043c2e2ef5009927f","ap-southeast-2b;ap-southeast-2a","network","2022-11-14T10:47:03.991000+00:00"
927721130786,"AU-PPD-ECS-API-NLB","AU-PPD-ECS-API-NLB-d185bcca330d32a1.elb.ap-southeast-2.amazonaws.com","active","vpc-043c2e2ef5009927f","ap-southeast-2a;ap-southeast-2b","network","2022-11-15T05:51:31.754000+00:00"
927721130786,"AU-DEVHUB-ECS-API-NLB","AU-DEVHUB-ECS-API-NLB-deb7a014714bc46a.elb.ap-southeast-2.amazonaws.com","active","vpc-043c2e2ef5009927f","ap-southeast-2b;ap-southeast-2a","network","2023-06-23T08:33:15.746000+00:00"
927721130786,"AU-PERF-ECS-API-ELB","internal-AU-PERF-ECS-API-ELB-1732174822.ap-southeast-2.elb.amazonaws.com","active","vpc-043c2e2ef5009927f","ap-southeast-2a;ap-southeast-2b;ap-southeast-2c","application","2022-09-02T09:40:34.450000+00:00"
927721130786,"AU-PERF-CES-ALB","internal-AU-PERF-CES-ALB-1576309706.ap-southeast-2.elb.amazonaws.com","active","vpc-043c2e2ef5009927f","ap-southeast-2a;ap-southeast-2b","application","2022-09-02T13:46:28.430000+00:00"
927721130786,"AU-UAT-ECS-API-ELB","internal-AU-UAT-ECS-API-ELB-1165164513.ap-southeast-2.elb.amazonaws.com","active","vpc-043c2e2ef5009927f","ap-southeast-2a;ap-southeast-2b;ap-southeast-2c","application","2022-09-14T13:02:01.750000+00:00"
927721130786,"AU-UAT-ECS-EMR-API-ELB","internal-AU-UAT-ECS-EMR-API-ELB-1249197670.ap-southeast-2.elb.amazonaws.com","active","vpc-0ccab8260106e982e","ap-southeast-2b;ap-southeast-2c;ap-southeast-2a","application","2022-09-16T10:19:51.780000+00:00"
927721130786,"AU-UAT-CES-ALB","internal-AU-UAT-CES-ALB-1584931154.ap-southeast-2.elb.amazonaws.com","active","vpc-043c2e2ef5009927f","ap-southeast-2a;ap-southeast-2b","application","2022-09-16T10:48:56.210000+00:00"
927721130786,"AU-DEV-ECS-API-ELB","internal-AU-DEV-ECS-API-ELB-69754959.ap-southeast-2.elb.amazonaws.com","active","vpc-043c2e2ef5009927f","ap-southeast-2a;ap-southeast-2b;ap-southeast-2c","application","2022-11-14T07:57:21.230000+00:00"
927721130786,"AU-DEV-CES-ALB","internal-AU-DEV-CES-ALB-1441607703.ap-southeast-2.elb.amazonaws.com","active","vpc-043c2e2ef5009927f","ap-southeast-2a;ap-southeast-2b","application","2022-11-14T10:22:53.510000+00:00"
927721130786,"AU-DEV-ECS-EMR-API-ELB","internal-AU-DEV-ECS-EMR-API-ELB-1152388094.ap-southeast-2.elb.amazonaws.com","active","vpc-0ccab8260106e982e","ap-southeast-2b;ap-southeast-2a","application","2022-11-14T13:57:09.420000+00:00"
927721130786,"AU-PPD-CES-ALB","internal-AU-PPD-CES-ALB-471769021.ap-southeast-2.elb.amazonaws.com","active","vpc-043c2e2ef5009927f","ap-southeast-2a;ap-southeast-2b","application","2022-11-15T05:46:27.710000+00:00"
927721130786,"AU-PPD-ECS-API-ELB","internal-AU-PPD-ECS-API-ELB-2110853651.ap-southeast-2.elb.amazonaws.com","active","vpc-043c2e2ef5009927f","ap-southeast-2c;ap-southeast-2a;ap-southeast-2b","application","2022-11-15T05:49:26.950000+00:00"
927721130786,"AU-PS-ECS-API-ELB","internal-AU-PS-ECS-API-ELB-134123954.ap-southeast-2.elb.amazonaws.com","active","vpc-043c2e2ef5009927f","ap-southeast-2a;ap-southeast-2b;ap-southeast-2c","application","2023-01-09T05:13:06.980000+00:00"
927721130786,"AU-PS-ECS-EMR-API-ELB","internal-AU-PS-ECS-EMR-API-ELB-424567753.ap-southeast-2.elb.amazonaws.com","active","vpc-0ccab8260106e982e","ap-southeast-2b;ap-southeast-2c;ap-southeast-2a","application","2023-01-09T05:16:48.990000+00:00"
927721130786,"AU-PS-CES-ALB","internal-AU-PS-CES-ALB-1098746270.ap-southeast-2.elb.amazonaws.com","active","vpc-043c2e2ef5009927f","ap-southeast-2a;ap-southeast-2b;ap-southeast-2c","application","2023-01-09T05:19:57.160000+00:00"
927721130786,"AU-DEVHUB-CES-ALB","internal-AU-DEVHUB-CES-ALB-81885758.ap-southeast-2.elb.amazonaws.com","active","vpc-043c2e2ef5009927f","ap-southeast-2a;ap-southeast-2b","application","2023-06-23T05:58:21.620000+00:00"
927721130786,"AU-DEVHUB-ECS-API-ELB","internal-AU-DEVHUB-ECS-API-ELB-1636105727.ap-southeast-2.elb.amazonaws.com","active","vpc-043c2e2ef5009927f","ap-southeast-2a;ap-southeast-2b","application","2023-06-23T06:47:59.290000+00:00"
927721130786,"AU-DEVHUB-ECS-EMR-API-ELB","internal-AU-DEVHUB-ECS-EMR-API-ELB-446712817.ap-southeast-2.elb.amazonaws.com","active","vpc-0ccab8260106e982e","ap-southeast-2b;ap-southeast-2a","application","2023-06-23T08:40:08.130000+00:00"
927721130786,"CIP-PUB-UAT-ECS-API-ELB","CIP-PUB-UAT-ECS-API-ELB-867494774.ap-southeast-2.elb.amazonaws.com","active","vpc-04143cbbf8403cc26","ap-southeast-2b;ap-southeast-2a","application","2024-07-11T03:22:02.300000+00:00"
927721130786,"CIP-PRV-UAT-ECS-API-ELB","internal-CIP-PRV-UAT-ECS-API-ELB-1714605487.ap-southeast-2.elb.amazonaws.com","active","vpc-04143cbbf8403cc26","ap-southeast-2a;ap-southeast-2b","application","2024-07-11T03:29:31.180000+00:00"
927721130786,"CIP-PUB-PERF-ECS-API-ELB","CIP-PUB-PERF-ECS-API-ELB-1610869905.ap-southeast-2.elb.amazonaws.com","active","vpc-04143cbbf8403cc26","ap-southeast-2b;ap-southeast-2a","application","2024-07-15T04:14:25.320000+00:00"
927721130786,"CIP-PRV-PERF-ECS-API-ELB","internal-CIP-PRV-PERF-ECS-API-ELB-352061436.ap-southeast-2.elb.amazonaws.com","active","vpc-04143cbbf8403cc26","ap-southeast-2a;ap-southeast-2b","application","2024-07-15T04:19:47.530000+00:00"
927721130786,"CIP-PRV-DEV-ECS-API-ELB","internal-CIP-PRV-DEV-ECS-API-ELB-2051006748.ap-southeast-2.elb.amazonaws.com","active","vpc-04143cbbf8403cc26","ap-southeast-2a;ap-southeast-2b","application","2024-07-17T04:44:56.540000+00:00"
927721130786,"CIP-PUB-DEV-ECS-API-ELB","CIP-PUB-DEV-ECS-API-ELB-2064260632.ap-southeast-2.elb.amazonaws.com","active","vpc-04143cbbf8403cc26","ap-southeast-2b;ap-southeast-2a","application","2024-07-17T05:28:06.080000+00:00"
927721130786,"AU-PER-ASM-ALB","internal-AU-PER-ASM-ALB-229516562.ap-southeast-2.elb.amazonaws.com","active","vpc-043c2e2ef5009927f","ap-southeast-2b;ap-southeast-2c","application","2024-09-26T10:49:35.640000+00:00"
927721130786,"AU-PER-ADS-ALB","internal-AU-PER-ADS-ALB-1925982415.ap-southeast-2.elb.amazonaws.com","active","vpc-043c2e2ef5009927f","ap-southeast-2b;ap-southeast-2c","application","2024-09-30T01:58:35.450000+00:00"
927721130786,"AU-UAT-ASM-ALB","internal-AU-UAT-ASM-ALB-576744093.ap-southeast-2.elb.amazonaws.com","active","vpc-043c2e2ef5009927f","ap-southeast-2a;ap-southeast-2b;ap-southeast-2c","application","2024-10-10T10:39:58.540000+00:00"
927721130786,"AU-UAT-ADS-ALB","internal-AU-UAT-ADS-ALB-1600432775.ap-southeast-2.elb.amazonaws.com","active","vpc-043c2e2ef5009927f","ap-southeast-2a;ap-southeast-2b;ap-southeast-2c","application","2024-10-11T06:35:16.710000+00:00"
927721130786,"AU-PPD-ASM-ALB","internal-AU-PPD-ASM-ALB-1209420324.ap-southeast-2.elb.amazonaws.com","active","vpc-043c2e2ef5009927f","ap-southeast-2b;ap-southeast-2c","application","2024-10-21T07:07:46.350000+00:00"
927721130786,"AU-PPD-ADS-ALB","internal-AU-PPD-ADS-ALB-355153558.ap-southeast-2.elb.amazonaws.com","active","vpc-043c2e2ef5009927f","ap-southeast-2b;ap-southeast-2c","application","2024-10-21T09:02:21.980000+00:00"
927721130786,"AU-PS-ASM-ALB","internal-AU-PS-ASM-ALB-147676936.ap-southeast-2.elb.amazonaws.com","active","vpc-043c2e2ef5009927f","ap-southeast-2a;ap-southeast-2b;ap-southeast-2c","application","2024-10-25T07:37:37.250000+00:00"
927721130786,"AU-PS-ADS-ALB","internal-AU-PS-ADS-ALB-793444819.ap-southeast-2.elb.amazonaws.com","active","vpc-043c2e2ef5009927f","ap-southeast-2a;ap-southeast-2b;ap-southeast-2c","application","2024-10-25T10:20:36.290000+00:00"
927721130786,"AU-DEV-ASM-ALB","internal-AU-DEV-ASM-ALB-1854526297.ap-southeast-2.elb.amazonaws.com","active","vpc-043c2e2ef5009927f","ap-southeast-2a;ap-southeast-2b;ap-southeast-2c","application","2024-10-29T07:45:30.990000+00:00"
927721130786,"AU-DEV-ADS-ALB","internal-AU-DEV-ADS-ALB-2076604756.ap-southeast-2.elb.amazonaws.com","active","vpc-043c2e2ef5009927f","ap-southeast-2a;ap-southeast-2b;ap-southeast-2c","application","2024-10-29T10:23:39.470000+00:00"
927721130786,"CIP-TAR-MIG-PRV-DEV-ECS-API-ELB","internal-CIP-TAR-MIG-PRV-DEV-ECS-API-ELB-737385734.ap-southeast-2.elb.amazonaws.com","active","vpc-04143cbbf8403cc26","ap-southeast-2a;ap-southeast-2b;ap-southeast-2c","application","2025-03-18T05:30:10.632000+00:00"
927721130786,"CIP-ZIP-MIG-PRV-DEV-ECS-API-ELB","internal-CIP-ZIP-MIG-PRV-DEV-ECS-API-ELB-1134922599.ap-southeast-2.elb.amazonaws.com","active","vpc-04143cbbf8403cc26","ap-southeast-2a;ap-southeast-2b;ap-southeast-2c","application","2025-03-25T08:00:52.684000+00:00"
927721130786,"CIP-ZIP-MIG-PRV-UAT-ECS-API-ELB","internal-CIP-ZIP-MIG-PRV-UAT-ECS-API-ELB-934475638.ap-southeast-2.elb.amazonaws.com","active","vpc-04143cbbf8403cc26","ap-southeast-2a;ap-southeast-2b;ap-southeast-2c","application","2025-03-25T08:08:31.919000+00:00"
927721130786,"CIP-ZIP-MIG-PRV-PERF-ECS-API-ELB","internal-CIP-ZIP-MIG-PRV-PERF-ECS-API-ELB-940438892.ap-southeast-2.elb.amazonaws.com","active","vpc-04143cbbf8403cc26","ap-southeast-2a;ap-southeast-2b;ap-southeast-2c","application","2025-03-25T08:10:15.380000+00:00"
927721130786,"CIP-TAR-MIG-PRV-UAT-ECS-API-ELB","internal-CIP-TAR-MIG-PRV-UAT-ECS-API-ELB-1694792908.ap-southeast-2.elb.amazonaws.com","active","vpc-04143cbbf8403cc26","ap-southeast-2a;ap-southeast-2b;ap-southeast-2c","application","2025-04-14T04:42:54.186000+00:00"
927721130786,"CIP-TAR-MIG-PRV-PERF-ECS-API-ELB","internal-CIP-TAR-MIG-PRV-PERF-ECS-API-ELB-1892340066.ap-southeast-2.elb.amazonaws.com","active","vpc-04143cbbf8403cc26","ap-southeast-2a;ap-southeast-2b;ap-southeast-2c","application","2025-04-14T04:46:18.909000+00:00"
927721130786,"AU-DEVHUB-ADS-ALB","internal-AU-DEVHUB-ADS-ALB-1978120800.ap-southeast-2.elb.amazonaws.com","active","vpc-043c2e2ef5009927f","ap-southeast-2a;ap-southeast-2b;ap-southeast-2c","application","2024-11-06T09:10:55.843000+00:00"
927721130786,"AU-DEVHUB-ASM-ALB","internal-AU-DEVHUB-ASM-ALB-231843372.ap-southeast-2.elb.amazonaws.com","active","vpc-043c2e2ef5009927f","ap-southeast-2a;ap-southeast-2b;ap-southeast-2c","application","2024-11-06T06:37:27.451000+00:00"
968130737873,"GE-PALO-GWLB",,"active","vpc-0817394bc0de4a55c","ap-southeast-2b;ap-southeast-2c;ap-southeast-2a","gateway","2022-05-12T10:15:48.106000+00:00"
